Configuration,Term,J,Level (eV),Uncertainty (eV),Lande,Reference
"=""3s2.3p5""","=""2P*""","=""3/2""","="" 0.00000000""","=""0.00000010""","=""""","=""L15349"""
"=""3s2.3p5""","=""2P*""","=""1/2""","="" 0.17749368""","=""0.00000010""","=""""","=""L15349"""
"=""3s.3p6""","=""2S""","=""1/2""","="" 13.4797526""","=""0.0000015""","=""""","=""L15349"""
"=""3s2.3p4.(3P).3d""","=""4D""","=""7/2""","="" 16.40650186""","=""0.00000005""","=""""","=""L15349"""
"=""3s2.3p4.(3P).3d""","=""4D""","=""5/2""","="" 16.42557623""","=""0.00000005""","=""""","=""L15349"""
"=""3s2.3p4.(3P).3d""","=""4D""","=""3/2""","="" 16.44411446""","=""0.00000005""","=""""","=""L15349"""
"=""3s2.3p4.(3P).3d""","=""4D""","=""1/2""","="" 16.45737782""","=""0.00000007""","=""""","=""L15349"""
"=""3s2.3p4.(3P).4s""","=""4P""","=""5/2""","="" 16.64385439""","=""0.00000004""","=""1.598""","=""L15349"""
"=""3s2.3p4.(3P).4s""","=""4P""","=""3/2""","="" 16.74852891""","=""""","=""1.722""","=""L15349"""
"=""3s2.3p4.(3P).4s""","=""4P""","=""1/2""","="" 16.81247225""","=""0.00000004""","=""2.650""","=""L15349"""
"=""3s2.3p4.(3P).4s""","=""2P""","=""3/2""","="" 17.140027439""","=""0.000000025""","=""1.334""","=""L15349"""
"=""3s2.3p4.(3P).4s""","=""2P""","=""1/2""","="" 17.265833524""","=""0.000000025""","=""0.676""","=""L15349"""
"=""3s2.3p4.(3P).3d""","=""4F""","=""9/2""","="" 17.62885633""","=""0.00000004""","=""""","=""L15349"""
"=""3s2.3p4.(3P).3d""","=""4F""","=""7/2""","="" 17.69466481""","=""0.00000004""","=""""","=""L15349"""
"=""3s2.3p4.(3P).3d""","=""4F""","=""5/2""","="" 17.74309101""","=""0.00000004""","=""""","=""L15349"""
"=""3s2.3p4.(3P).3d""","=""4F""","=""3/2""","="" 17.77579262""","=""0.00000006""","=""""","=""L15349"""
"=""3s2.3p4.(3P).3d""","=""2P""","=""1/2""","="" 17.94175110""","=""0.00000004""","=""""","=""L15349"""
"=""3s2.3p4.(3P).3d""","=""2P""","=""3/2""","="" 18.06063988""","=""0.00000004""","=""""","=""L15349"""
"=""3s2.3p4.(3P).3d""","=""4P""","=""1/2""","="" 18.25395203""","=""0.00000010""","=""""","=""L15349"""
"=""3s2.3p4.(3P).3d""","=""4P""","=""3/2""","="" 18.28805528""","=""0.00000006""","=""""","=""L15349"""
"=""3s2.3p4.(3P).3d""","=""4P""","=""5/2""","="" 18.33428084""","=""0.00000005""","=""""","=""L15349"""
"=""3s2.3p4.(1D).4s""","=""2D""","=""3/2""","="" 18.426549103""","=""0.000000025""","=""0.803""","=""L15349"""
"=""3s2.3p4.(1D).4s""","=""2D""","=""5/2""","="" 18.454114013""","=""0.000000025""","=""1.202""","=""L15349"""
"=""3s2.3p4.(3P).3d""","=""2F""","=""7/2""","="" 18.495869040""","=""0.000000025""","=""""","=""L15349"""
"=""3s2.3p4.(3P).3d""","=""2F""","=""5/2""","="" 18.615942491""","=""0.000000025""","=""""","=""L15349"""
"=""3s2.3p4.(3P).3d""","=""2D""","=""3/2""","="" 18.656521057""","=""0.000000025""","=""""","=""L15349"""
"=""3s2.3p4.(3P).3d""","=""2D""","=""5/2""","="" 18.732439371""","=""0.000000025""","=""""","=""L15349"""
"=""3s2.3p4.(1D).3d""","=""2G""","=""9/2""","="" 19.11606897""","=""0.00000004""","=""""","=""L15349"""
"=""3s2.3p4.(1D).3d""","=""2G""","=""7/2""","="" 19.11886231""","=""0.00000004""","=""""","=""L15349"""
"=""3s2.3p4.(3P).4p""","=""4P*""","=""5/2""","="" 19.222902151""","=""0.000000025""","=""1.599""","=""L15349"""
"=""3s2.3p4.(3P).4p""","=""4P*""","=""3/2""","="" 19.261084163""","=""0.000000025""","=""1.720""","=""L15349"""
"=""3s2.3p4.(3P).4p""","=""4P*""","=""1/2""","="" 19.30534490""","=""0.00000004""","=""2.638""","=""L15349"""
"=""3s2.3p4.(3P).4p""","=""4D*""","=""7/2""","="" 19.49453389""","=""0.00000004""","=""1.427""","=""L15349"""
"=""3s2.3p4.(3P).4p""","=""4D*""","=""5/2""","="" 19.549011775""","=""0.000000025""","=""1.334""","=""L15349"""
"=""3s2.3p4.(3P).4p""","=""4D*""","=""3/2""","="" 19.61030789""","=""0.00000004""","=""1.199""","=""L15349"""
"=""3s2.3p4.(3P).4p""","=""4D*""","=""1/2""","="" 19.64258207""","=""0.00000005""","=""0.000""","=""L15349"""
"=""3s2.3p4.(3P).4p""","=""2D*""","=""5/2""","="" 19.680048951""","=""0.000000025""","=""1.241""","=""L15349"""
"=""3s2.3p4.(3P).4p""","=""2D*""","=""3/2""","="" 19.762261075""","=""0.000000025""","=""0.918""","=""L15349"""
"=""3s2.3p4.(3P).4p""","=""2P*""","=""1/2""","="" 19.801086565""","=""0.000000025""","=""0.983""","=""L15349"""
"=""3s2.3p4.(3P).4p""","=""2P*""","=""3/2""","="" 19.867157038""","=""0.000000025""","=""1.244""","=""L15349"""
"=""3s2.3p4.(3P).4p""","=""4S*""","=""3/2""","="" 19.96749907""","=""0.00000004""","=""1.987""","=""L15349"""
"=""3s2.3p4.(3P).4p""","=""2S*""","=""1/2""","="" 19.972538226""","=""0.000000025""","=""1.695""","=""L15349"""
"=""3s2.3p4.(1D).3d""","=""2F""","=""5/2""","="" 20.24656525""","=""0.00000005""","=""""","=""L15349"""
"=""3s2.3p4.(1D).3d""","=""2F""","=""7/2""","="" 20.272226904""","=""0.000000025""","=""""","=""L15349"""
"=""3s2.3p4.(1S).4s""","=""2S""","=""1/2""","="" 20.74354606""","=""0.00000005""","=""1.993""","=""L15349"""
"=""3s2.3p4.(1D).4p""","=""2F*""","=""5/2""","="" 21.127033505""","=""0.000000025""","=""0.857""","=""L15349"""
"=""3s2.3p4.(1D).4p""","=""2F*""","=""7/2""","="" 21.143075448""","=""0.000000025""","=""1.140""","=""L15349"""
"=""3s2.3p4.(1D).4p""","=""2P*""","=""3/2""","="" 21.351799846""","=""0.000000025""","=""1.332""","=""L15349"""
"=""3s2.3p4.(1D).4p""","=""2P*""","=""1/2""","="" 21.42648951""","=""0.00000005""","=""0.677""","=""L15349"""
"=""3s2.3p4.(1D).3d""","=""2D""","=""5/2""","="" 21.36689104""","=""0.00000011""","=""""","=""L15349"""
"=""3s2.3p4.(1D).3d""","=""2D""","=""3/2""","="" 21.42814610""","=""0.00000019""","=""""","=""L15349"""
"=""3s2.3p4.(1D).4p""","=""2D*""","=""3/2""","="" 21.492402391""","=""0.000000025""","=""0.804""","=""L15349"""
"=""3s2.3p4.(1D).4p""","=""2D*""","=""5/2""","="" 21.498049871""","=""0.000000025""","=""1.202""","=""L15349"""
"=""3s2.3p4.(1D).3d""","=""2P""","=""3/2""","="" 21.62407061""","=""0.00000019""","=""""","=""L15349"""
"=""3s2.3p4.(1D).3d""","=""2P""","=""1/2""","="" 21.67504277""","=""0.00000022""","=""""","=""L15349"""
"=""3s2.3p4.(1S).3d""","=""2D""","=""5/2""","="" 22.26659804""","=""0.00000010""","=""""","=""L15349"""
"=""3s2.3p4.(1S).3d""","=""2D""","=""3/2""","="" 22.30870487""","=""0.00000015""","=""""","=""L15349"""
"=""3s2.3p4.(3P).5s""","=""4P""","=""5/2""","="" 22.514803938""","=""0.000000025""","=""1.603""","=""L15349"""
"=""3s2.3p4.(3P).5s""","=""4P""","=""3/2""","="" 22.592663597""","=""0.000000025""","=""1.609""","=""L15349"""
"=""3s2.3p4.(3P).5s""","=""4P""","=""1/2""","="" 22.683065435""","=""0.000000025""","=""2.550""","=""L15349"""
"=""3s2.3p4.(3P).5s""","=""2P""","=""3/2""","="" 22.700377572""","=""0.000000012""","=""1.445""","=""L15349"""
"=""3s2.3p4.(3P).5s""","=""2P""","=""1/2""","="" 22.802509716""","=""0.000000025""","=""0.816""","=""L15349"""
"=""3s2.3p4.(3P).4d""","=""4D""","=""7/2""","="" 22.77287965""","=""0.00000004""","=""1.427""","=""L15349"""
"=""3s2.3p4.(3P).4d""","=""4D""","=""5/2""","="" 22.78797918""","=""0.00000004""","=""1.370""","=""L15349"""
"=""3s2.3p4.(3P).4d""","=""4D""","=""3/2""","="" 22.81135843""","=""0.00000004""","=""1.198""","=""L15349"""
"=""3s2.3p4.(3P).4d""","=""4D""","=""1/2""","="" 22.83687165""","=""0.00000007""","=""0.380""","=""L15349"""
"=""3s2.3p4.(1D).3d""","=""2S""","=""1/2""","="" 22.82463962""","=""0.00000006""","=""""","=""L15349"""
"=""3s2.3p4.(3P).4d""","=""4F""","=""9/2""","="" 22.94864813""","=""0.00000006""","=""1.330""","=""L15349"""
"=""3s2.3p4.(3P).4d""","=""4F""","=""7/2""","="" 23.01454553""","=""0.00000004""","=""1.217""","=""L15349"""
"=""3s2.3p4.(3P).4d""","=""4F""","=""5/2""","="" 23.070289982""","=""0.000000025""","=""1.045""","=""L15349"""
"=""3s2.3p4.(3P).4d""","=""4F""","=""3/2""","="" 23.103285166""","=""0.000000025""","=""0.612""","=""L15349"""
"=""3s2.3p4.(3P).4d""","=""4P""","=""1/2""","="" 23.08230349""","=""0.00000005""","=""2.600""","=""L15349"""
"=""3s2.3p4.(3P).4d""","=""4P""","=""3/2""","="" 23.11937815""","=""0.00000004""","=""1.494""","=""L15349"""
"=""3s2.3p4.(3P).4d""","=""4P""","=""5/2""","="" 23.17153570""","=""0.00000004""","=""1.588""","=""L15349"""
"=""3s2.3p4.(3P).4d""","=""2F""","=""7/2""","="" 23.162238164""","=""0.000000025""","=""1.167""","=""L15349"""
"=""3s2.3p4.(3P).4d""","=""2F""","=""5/2""","="" 23.258113744""","=""0.000000025""","=""0.861""","=""L15349"""
"=""3s2.3p4.(3P).5p""","=""4P*""","=""5/2""","="" 23.404027598""","=""0.000000025""","=""""","=""L15349"""
"=""3s2.3p4.(3P).5p""","=""4P*""","=""3/2""","="" 23.438088809""","=""0.000000025""","=""""","=""L15349"""
"=""3s2.3p4.(3P).5p""","=""4P*""","=""1/2""","="" 23.48728630""","=""0.00000004""","=""""","=""L15349"""
"=""3s2.3p4.(3P).5p""","=""4D*""","=""7/2""","="" 23.484470418""","=""0.000000025""","=""""","=""L15349"""
"=""3s2.3p4.(3P).5p""","=""4D*""","=""5/2""","="" 23.514204395""","=""0.000000025""","=""""","=""L15349"""
"=""3s2.3p4.(3P).5p""","=""4D*""","=""3/2""","="" 23.570177223""","=""0.000000025""","=""""","=""L15349"""
"=""3s2.3p4.(3P).5p""","=""4D*""","=""1/2""","="" 23.64788005""","=""0.00000005""","=""""","=""L15349"""
"=""3s2.3p4.(3P).4d""","=""2P""","=""1/2""","="" 23.54889313""","=""0.00000009""","=""0.667""","=""L15349"""
"=""3s2.3p4.(3P).4d""","=""2P""","=""3/2""","="" 23.63042494""","=""0.00000009""","=""1.322""","=""L15349"""
"=""3s2.3p4.(3P).5p""","=""2P*""","=""1/2""","="" 23.58132422""","=""0.00000006""","=""""","=""L15349"""
"=""3s2.3p4.(3P).5p""","=""2P*""","=""3/2""","="" 23.619908872""","=""0.000000025""","=""""","=""L15349"""
"=""3s2.3p4.(3P).5p""","=""2D*""","=""5/2""","="" 23.620386781""","=""0.000000025""","=""""","=""L15349"""
"=""3s2.3p4.(3P).5p""","=""2D*""","=""3/2""","="" 23.682522355""","=""0.000000025""","=""""","=""L15349"""
"=""3s2.3p4.(3P).5p""","=""2S*""","=""1/2""","="" 23.67388033""","=""0.00000004""","=""""","=""L15349"""
"=""3s2.3p4.(3P).5p""","=""4S*""","=""3/2""","="" 23.702008951""","=""0.000000025""","=""""","=""L15349"""
"=""3s2.3p4.(1S).4p""","=""2P*""","=""3/2""","="" 23.80181442""","=""0.00000006""","=""1.332""","=""L15349"""
"=""3s2.3p4.(1S).4p""","=""2P*""","=""1/2""","="" 23.84631466""","=""0.00000005""","=""0.760""","=""L15349"""
"=""3s2.3p4.(3P).4d""","=""2D""","=""5/2""","="" 23.87401512""","=""0.00000007""","=""1.198""","=""L15349"""
"=""3s2.3p4.(3P).4d""","=""2D""","=""3/2""","="" 23.89325004""","=""0.00000025""","=""0.833""","=""L15349"""
"=""3s2.3p4.(3P<2>).4f""","=""2[4]*""","=""9/2""","="" 24.15215486""","=""0.00000004""","=""""","=""L15349"""
"=""3s2.3p4.(3P<2>).4f""","=""2[4]*""","=""7/2""","="" 24.15487223""","=""0.00000007""","=""""","=""L15349"""
"=""3s2.3p4.(3P<2>).4f""","=""2[3]*""","=""5/2""","="" 24.15972864""","=""0.00000006""","=""""","=""L15349"""
"=""3s2.3p4.(3P<2>).4f""","=""2[3]*""","=""7/2""","="" 24.16242396""","=""0.00000004""","=""""","=""L15349"""
"=""3s2.3p4.(3P<2>).4f""","=""2[2]*""","=""3/2""","="" 24.17649235""","=""0.00000009""","=""""","=""L15349"""
"=""3s2.3p4.(3P<2>).4f""","=""2[2]*""","=""5/2""","="" 24.18078735""","=""0.00000012""","=""""","=""L15349"""
"=""3s2.3p4.(3P<2>).4f""","=""2[5]*""","=""11/2""","="" 24.19224889""","=""0.00000004""","=""""","=""L15349"""
"=""3s2.3p4.(3P<2>).4f""","=""2[5]*""","=""9/2""","="" 24.19283498""","=""0.00000006""","=""""","=""L15349"""
"=""3s2.3p4.(3P<2>).4f""","=""2[1]*""","=""1/2""","="" 24.21181411""","=""0.00000014""","=""""","=""L15349"""
"=""3s2.3p4.(3P<2>).4f""","=""2[1]*""","=""3/2""","="" 24.21382629""","=""0.00000007""","=""""","=""L15349"""
"=""3s2.3p4.(1D).5s""","=""2D""","=""5/2""","="" 24.284131501""","=""0.000000025""","=""""","=""L15349"""
"=""3s2.3p4.(1D).5s""","=""2D""","=""3/2""","="" 24.28439443""","=""0.00000005""","=""""","=""L15349"""
"=""3s2.3p4.(3P<1>).4f""","=""2[2]*""","=""3/2""","="" 24.31038415""","=""0.00000011""","=""""","=""L15349"""
"=""3s2.3p4.(3P<1>).4f""","=""2[2]*""","=""5/2""","="" 24.31205385""","=""0.00000006""","=""""","=""L15349"""
"=""3s2.3p4.(3P<1>).4f""","=""2[4]*""","=""9/2""","="" 24.313723219""","=""0.000000025""","=""""","=""L15349"""
"=""3s2.3p4.(3P<1>).4f""","=""2[4]*""","=""7/2""","="" 24.31566967""","=""0.00000004""","=""""","=""L15349"""
"=""3s2.3p4.(3P<1>).4f""","=""2[3]*""","=""7/2""","="" 24.33873405""","=""0.00000007""","=""""","=""L15349"""
"=""3s2.3p4.(3P<1>).4f""","=""2[3]*""","=""5/2""","="" 24.34003126""","=""0.00000005""","=""""","=""L15349"""
"=""3s2.3p4.(3P<0>).4f""","=""2[3]*""","=""7/2""","="" 24.37801682""","=""0.00000005""","=""""","=""L15349"""
"=""3s2.3p4.(3P<0>).4f""","=""2[3]*""","=""5/2""","="" 24.37939735""","=""0.00000010""","=""""","=""L15349"""
"=""3s2.3p4.(1D).4d""","=""2G""","=""7/2""","="" 24.62264169""","=""0.00000005""","=""""","=""L15349"""
"=""3s2.3p4.(1D).4d""","=""2G""","=""9/2""","="" 24.62377605""","=""0.00000005""","=""""","=""L15349"""
"=""3s2.3p4.(3P).6s""","=""4P""","=""5/2""","="" 24.649622089""","=""0.000000025""","=""""","=""L15349"""
"=""3s2.3p4.(3P).6s""","=""4P""","=""3/2""","="" 24.690028614""","=""0.000000025""","=""""","=""L15349"""
"=""3s2.3p4.(3P).6s""","=""4P""","=""1/2""","="" 24.810530468""","=""0.000000025""","=""""","=""L15349"""
"=""3s2.3p4.(1D).4d""","=""2P""","=""1/2""","="" 24.72823017""","=""0.00000007""","=""0.670""","=""L15349"""
"=""3s2.3p4.(1D).4d""","=""2P""","=""3/2""","="" 24.73797775""","=""0.00000004""","=""""","=""L15349"""
"=""3s2.3p4.(1D).4d""","=""2D""","=""5/2""","="" 24.75714540""","=""0.00000004""","=""1.196""","=""L15349"""
"=""3s2.3p4.(1D).4d""","=""2D""","=""3/2""","="" 24.79461100""","=""0.00000004""","=""""","=""L15349"""
"=""3s2.3p4.(3P).5d""","=""4D""","=""7/2""","="" 24.781885060""","=""0.000000025""","=""""","=""L15349"""
"=""3s2.3p4.(3P).5d""","=""4D""","=""5/2""","="" 24.791840619""","=""0.000000025""","=""""","=""L15349"""
"=""3s2.3p4.(3P).5d""","=""4D""","=""3/2""","="" 24.81564826""","=""0.00000004""","=""""","=""L15349"""
"=""3s2.3p4.(3P).5d""","=""4D""","=""1/2""","="" 24.84723130""","=""0.00000005""","=""""","=""L15349"""
"=""3s2.3p4.(3P).6s""","=""2P""","=""3/2""","="" 24.800842727""","=""0.000000025""","=""""","=""L15349"""
"=""3s2.3p4.(3P).6s""","=""2P""","=""1/2""","="" 24.87417696""","=""0.00000004""","=""""","=""L15349"""
"=""3s2.3p4.(1D).4d""","=""2F""","=""7/2""","="" 24.814064898""","=""0.000000025""","=""""","=""L15349"""
"=""3s2.3p4.(1D).4d""","=""2F""","=""5/2""","="" 24.82597075""","=""0.00000004""","=""0.862""","=""L15349"""
"=""3s2.3p4.(3P).5d""","=""4F""","=""9/2""","="" 24.845578706""","=""0.000000025""","=""""","=""L15349"""
"=""3s2.3p4.(3P).5d""","=""4F""","=""7/2""","="" 24.90601840""","=""0.00000004""","=""""","=""L15349"""
"=""3s2.3p4.(3P).5d""","=""4F""","=""5/2""","="" 24.96441882""","=""0.00000004""","=""""","=""L15349"""
"=""3s2.3p4.(3P).5d""","=""4F""","=""3/2""","="" 25.01018340""","=""0.00000004""","=""""","=""L15349"""
"=""3s2.3p4.(3P).5d""","=""4P""","=""1/2""","="" 24.92458926""","=""0.00000009""","=""""","=""L15349"""
"=""3s2.3p4.(3P).5d""","=""4P""","=""3/2""","="" 24.96363470""","=""0.00000004""","=""""","=""L15349"""
"=""3s2.3p4.(3P).5d""","=""4P""","=""5/2""","="" 25.017761960""","=""0.000000025""","=""""","=""L15349"""
"=""3s2.3p4.(3P).5d""","=""2F""","=""7/2""","="" 24.996318074""","=""0.000000025""","=""""","=""L15349"""
"=""3s2.3p4.(3P).5d""","=""2F""","=""5/2""","="" 25.064142489""","=""0.000000025""","=""""","=""L15349"""
"=""3s2.3p4.(3P).6p""","=""4P*""","=""5/2""","="" 25.063301207""","=""0.000000025""","=""""","=""L15349"""
"=""3s2.3p4.(3P).6p""","=""4P*""","=""3/2""","="" 25.076257320""","=""0.000000025""","=""""","=""L15349"""
"=""3s2.3p4.(3P).6p""","=""4P*""","=""1/2""","="" 25.09695279""","=""0.00000004""","=""""","=""L15349"""
"=""3s2.3p4.(3P).6p""","=""4D*""","=""7/2""","="" 25.098108804""","=""0.000000025""","=""""","=""L15349"""
"=""3s2.3p4.(3P).6p""","=""4D*""","=""3/2""","="" 25.102730005""","=""0.000000025""","=""""","=""L15349"""
"=""3s2.3p4.(3P).6p""","=""4D*""","=""5/2""","="" 25.11230570""","=""0.00000004""","=""""","=""L15349"""
"=""3s2.3p4.(1D).5p""","=""2P*""","=""3/2""","="" 25.169760115""","=""0.000000025""","=""""","=""L15349"""
"=""3s2.3p4.(1D).5p""","=""2P*""","=""1/2""","="" 25.24248286""","=""0.00000004""","=""""","=""L15349"""
"=""3s2.3p4.(1D).5p""","=""2F*""","=""5/2""","="" 25.18754647""","=""0.00000005""","=""""","=""L15349"""
"=""3s2.3p4.(1D).5p""","=""2F*""","=""7/2""","="" 25.193287976""","=""0.000000025""","=""""","=""L15349"""
"=""3s2.3p4.(3P).6p""","=""2D*""","=""3/2""","="" 25.211570947""","=""0.000000025""","=""""","=""L15349"""
"=""3s2.3p4.(3P).6p""","=""2D*""","=""5/2""","="" 25.231017595""","=""0.000000025""","=""""","=""L15349"""
"=""3s2.3p4.(3P).6p""","=""2P*""","=""3/2""","="" 25.259414577""","=""0.000000025""","=""""","=""L15349"""
"=""3s2.3p4.(3P).6p""","=""2P*""","=""1/2""","="" 25.26633095""","=""0.00000007""","=""""","=""L15349"""
"=""3s2.3p4.(3P).6p""","=""4S*""","=""3/2""","="" 25.282631498""","=""0.000000025""","=""""","=""L15349"""
"=""3s2.3p4.(1D).5p""","=""2D*""","=""3/2""","="" 25.30688090""","=""0.00000004""","=""""","=""L15349"""
"=""3s2.3p4.(1D).5p""","=""2D*""","=""5/2""","="" 25.30939846""","=""0.00000006""","=""""","=""L15349"""
"=""3s2.3p4.(3P).5d""","=""2D""","=""3/2""","="" 25.34451490""","=""0.00000025""","=""""","=""L15349"""
"=""3s2.3p4.(3P).5d""","=""2D""","=""5/2""","="" 25.3653896""","=""0.0000015""","=""""","=""L15349"""
"=""3s2.3p4.(3P).5d""","=""2P""","=""1/2""","="" 25.35663454""","=""0.00000025""","=""""","=""L15349"""
"=""3s2.3p4.(3P).5d""","=""2P""","=""3/2""","="" 25.44422467""","=""0.00000025""","=""""","=""L15349"""
"=""3s2.3p4.(3P).6p""","=""2S*""","=""1/2""","="" 25.40801331""","=""0.00000005""","=""""","=""L15349"""
"=""3s2.3p4.(3P<2>).5f""","=""2[4]*""","=""9/2""","="" 25.40905473""","=""0.00000004""","=""""","=""L15349"""
"=""3s2.3p4.(3P<2>).5f""","=""2[4]*""","=""7/2""","="" 25.41070124""","=""0.00000004""","=""""","=""L15349"""
"=""3s2.3p4.(3P<2>).5f""","=""2[3]*""","=""5/2""","="" 25.41398919""","=""0.00000004""","=""""","=""L15349"""
"=""3s2.3p4.(3P<2>).5f""","=""2[3]*""","=""7/2""","="" 25.41628630""","=""0.00000004""","=""""","=""L15349"""
"=""3s2.3p4.(3P<2>).5f""","=""2[2]*""","=""3/2""","="" 25.42374234""","=""0.00000006""","=""""","=""L15349"""
"=""3s2.3p4.(3P<2>).5f""","=""2[2]*""","=""5/2""","="" 25.42657193""","=""0.00000007""","=""""","=""L15349"""
"=""3s2.3p4.(3P<2>).5f""","=""2[5]*""","=""11/2""","="" 25.42923159""","=""0.00000006""","=""""","=""L15349"""
"=""3s2.3p4.(3P<2>).5f""","=""2[5]*""","=""9/2""","="" 25.42970831""","=""0.00000004""","=""""","=""L15349"""
"=""3s2.3p4.(3P<2>).5f""","=""2[1]*""","=""1/2""","="" 25.43912897""","=""0.00000012""","=""""","=""L15349"""
"=""3s2.3p4.(3P<2>).5f""","=""2[1]*""","=""3/2""","="" 25.44082574""","=""0.00000010""","=""""","=""L15349"""
"=""3s2.3p4.(3P<2>).5g""","=""2[5]""","=""11/2""","="" 25.44304392""","=""0.00000006""","=""""","=""L15349"""
"=""3s2.3p4.(3P<2>).5g""","=""2[5]""","=""9/2""","="" 25.44305904""","=""0.00000010""","=""""","=""L15349"""
"=""3s2.3p4.(3P<2>).5g""","=""2[4]""","=""7/2""","="" 25.44339237""","=""0.00000011""","=""""","=""L15349"""
"=""3s2.3p4.(3P<2>).5g""","=""2[4]""","=""9/2""","="" 25.44339266""","=""0.00000007""","=""""","=""L15349"""
"=""3s2.3p4.(1D).4d""","=""2S""","=""1/2""","="" 25.44689500""","=""0.00000017""","=""2.004""","=""L15349"""
"=""3s2.3p4.(3P<2>).5g""","=""2[3]""","=""5/2""","="" 25.44775895""","=""0.00000009""","=""""","=""L15349"""
"=""3s2.3p4.(3P<2>).5g""","=""2[3]""","=""7/2""","="" 25.44777276""","=""0.00000019""","=""""","=""L15349"""
"=""3s2.3p4.(3P<2>).5g""","=""2[6]""","=""11/2""","="" 25.45069417""","=""0.00000005""","=""""","=""L15349"""
"=""3s2.3p4.(3P<2>).5g""","=""2[6]""","=""13/2""","="" 25.45069590""","=""0.00000004""","=""""","=""L15349"""
"=""3s2.3p4.(3P<2>).5g""","=""2[2]""","=""3/2""","="" 25.45407080""","=""0.00000016""","=""""","=""L15349"""
"=""3s2.3p4.(3P<2>).5g""","=""2[2]""","=""5/2""","="" 25.45408951""","=""0.00000015""","=""""","=""L15349"""
"=""3s2.3p4.(3P<1>).5f""","=""2[2]*""","=""3/2""","="" 25.55357413""","=""0.00000009""","=""""","=""L15349"""
"=""3s2.3p4.(3P<1>).5f""","=""2[2]*""","=""5/2""","="" 25.55566971""","=""0.00000004""","=""""","=""L15349"""
"=""3s2.3p4.(3P<1>).5f""","=""2[4]*""","=""9/2""","="" 25.55720904""","=""0.00000004""","=""""","=""L15349"""
"=""3s2.3p4.(3P<1>).5f""","=""2[4]*""","=""7/2""","="" 25.55922152""","=""0.00000004""","=""""","=""L15349"""
"=""3s2.3p4.(3P<1>).5f""","=""2[3]*""","=""7/2""","="" 25.57120023""","=""0.00000004""","=""""","=""L15349"""
"=""3s2.3p4.(3P<1>).5f""","=""2[3]*""","=""5/2""","="" 25.57239413""","=""0.00000005""","=""""","=""L15349"""
"=""3s2.3p4.(3P<1>).5g""","=""2[3]""","=""5/2""","="" 25.58252217""","=""0.00000014""","=""""","=""L15349"""
"=""3s2.3p4.(3P<1>).5g""","=""2[3]""","=""7/2""","="" 25.58253774""","=""0.00000006""","=""""","=""L15349"""
"=""3s2.3p4.(3P<1>).5g""","=""2[5]""","=""11/2""","="" 25.58388229""","=""0.00000004""","=""""","=""L15349"""
"=""3s2.3p4.(3P<1>).5g""","=""2[5]""","=""9/2""","="" 25.58388835""","=""0.00000005""","=""""","=""L15349"""
"=""3s2.3p4.(3P<1>).5g""","=""2[4]""","=""9/2""","="" 25.59001247""","=""0.00000007""","=""""","=""L15349"""
"=""3s2.3p4.(3P<1>).5g""","=""2[4]""","=""7/2""","="" 25.59001388""","=""0.00000007""","=""""","=""L15349"""
"=""3s2.3p4.(3P<0>).5f""","=""2[3]*""","=""7/2""","="" 25.61810033""","=""0.00000006""","=""""","=""L15349"""
"=""3s2.3p4.(3P<0>).5f""","=""2[3]*""","=""5/2""","="" 25.61906799""","=""0.00000005""","=""""","=""L15349"""
"=""3s2.3p4.(3P<0>).5g""","=""2[4]""","=""7/2""","="" 25.6423384""","=""0.0000005""","=""""","=""L15349"""
"=""3s2.3p4.(3P<0>).5g""","=""2[4]""","=""9/2""","="" 25.64233884""","=""0.00000005""","=""""","=""L15349"""
"=""3s2.3p4.(3P).7s""","=""4P""","=""5/2""","="" 25.67654286""","=""0.00000004""","=""""","=""L15349"""
"=""3s2.3p4.(3P).7s""","=""4P""","=""3/2""","="" 25.69912067""","=""0.00000004""","=""""","=""L15349"""
"=""3s2.3p4.(3P).7s""","=""4P""","=""1/2""","="" 25.82951773""","=""0.00000009""","=""""","=""L15349"""
"=""3s2.3p4.(3P).6d""","=""4D""","=""7/2""","="" 25.75083567""","=""0.00000005""","=""""","=""L15349"""
"=""3s2.3p4.(3P).6d""","=""4D""","=""5/2""","="" 25.75728027""","=""0.00000015""","=""""","=""L15349"""
"=""3s2.3p4.(3P).6d""","=""4D""","=""3/2""","="" 25.79018407""","=""0.00000017""","=""""","=""L15349"""
"=""3s2.3p4.(3P).6d""","=""4F""","=""9/2""","="" 25.78089157""","=""0.00000009""","=""""","=""L15349"""
"=""3s2.3p4.(3P).6d""","=""4F""","=""7/2""","="" 25.80645208""","=""0.00000006""","=""""","=""L15349"""
"=""3s2.3p4.(3P).6d""","=""4F""","=""5/2""","="" 25.87220304""","=""0.00000011""","=""""","=""L15349"""
"=""3s2.3p4.(3P).6d""","=""4F""","=""3/2""","="" 25.94596914""","=""0.00000009""","=""""","=""L15349"""
"=""3s2.3p4.(3P).7s""","=""2P""","=""3/2""","="" 25.81968425""","=""0.00000004""","=""""","=""L15349"""
"=""3s2.3p4.(3P).7s""","=""2P""","=""1/2""","="" 25.88366492""","=""0.00000007""","=""""","=""L15349"""
"=""3s2.3p4.(3P).6d""","=""4P""","=""1/2""","="" 25.84843727""","=""0.00000017""","=""""","=""L15349"""
"=""3s2.3p4.(3P).6d""","=""4P""","=""3/2""","="" 25.87489852""","=""0.00000010""","=""""","=""L15349"""
"=""3s2.3p4.(3P).6d""","=""4P""","=""5/2""","="" 25.93733151""","=""0.00000010""","=""""","=""L15349"""
"=""3s2.3p4.(1D<2>).4f""","=""2[1]*""","=""1/2""","="" 25.86208761""","=""0.00000012""","=""""","=""L15349"""
"=""3s2.3p4.(1D<2>).4f""","=""2[1]*""","=""3/2""","="" 25.86213691""","=""0.00000007""","=""""","=""L15349"""
"=""3s2.3p4.(1D<2>).4f""","=""2[5]*""","=""11/2""","="" 25.88831364""","=""0.00000007""","=""""","=""L15349"""
"=""3s2.3p4.(1D<2>).4f""","=""2[5]*""","=""9/2""","="" 25.88831410""","=""0.00000010""","=""""","=""L15349"""
"=""3s2.3p4.(3P<2>).7p""","=""2[2]*""","=""5/2""","="" 25.9020761""","=""0.0000010""","=""""","=""L15349"""
"=""3s2.3p4.(1D<2>).4f""","=""2[2]*""","=""5/2""","="" 25.90293551""","=""0.00000019""","=""""","=""L15349"""
"=""3s2.3p4.(1D<2>).4f""","=""2[2]*""","=""3/2""","="" 25.90321077""","=""0.00000019""","=""""","=""L15349"""
"=""3s2.3p4.(3P).6d""","=""2F""","=""7/2""","="" 25.91464514""","=""0.00000004""","=""""","=""L15349"""
"=""3s2.3p4.(3P).6d""","=""2F""","=""5/2""","="" 25.95946554""","=""0.00000010""","=""""","=""L15349"""
"=""3s2.3p4.(1D<2>).4f""","=""2[3]*""","=""7/2""","="" 25.94352386""","=""0.00000011""","=""""","=""L15349"""
"=""3s2.3p4.(1D<2>).4f""","=""2[3]*""","=""5/2""","="" 25.94387988""","=""0.00000016""","=""""","=""L15349"""
"=""3s2.3p4.(1D<2>).4f""","=""2[4]*""","=""7/2""","="" 25.95459873""","=""0.00000007""","=""""","=""L15349"""
"=""3s2.3p4.(1D<2>).4f""","=""2[4]*""","=""9/2""","="" 25.95464012""","=""0.00000007""","=""""","=""L15349"""
"=""3s2.3p4.(3P).7p""","=""1*""","=""5/2""","="" 25.962013""","=""0.000004""","=""""","=""L15349"""
"=""3s2.3p4.(3P).7p""","=""1*""","=""3/2""","="" 25.962023""","=""0.000009""","=""""","=""L15349"""
"=""3s2.3p4.(3P).6d""","=""2D""","=""3/2""","="" 25.96396722""","=""0.00000014""","=""""","=""L15349"""
"=""3s2.3p4.(3P).6d""","=""2D""","=""5/2""","="" 26.05226965""","=""0.00000022""","=""""","=""L15349"""
"=""3s2.3p4.(3P).6d""","=""2P""","=""3/2""","="" 25.98677781""","=""0.00000021""","=""""","=""L15349"""
"=""3s2.3p4.(3P<2>).6f""","=""2[4]*""","=""9/2""","="" 26.0910933""","=""0.0000017""","=""""","=""L15349"""
"=""3s2.3p4.(3P<2>).6f""","=""2[4]*""","=""7/2""","="" 26.09211674""","=""0.00000025""","=""""","=""L15349"""
"=""3s2.3p4.(3P<2>).6f""","=""2[3]*""","=""5/2""","="" 26.0942982""","=""0.0000005""","=""""","=""L15349"""
"=""3s2.3p4.(3P<2>).6f""","=""2[3]*""","=""7/2""","="" 26.0959240""","=""0.0000005""","=""""","=""L15349"""
"=""3s2.3p4.(3P<2>).6f""","=""2[2]*""","=""3/2""","="" 26.1002893""","=""0.0000025""","=""""","=""L15349"""
"=""3s2.3p4.(3P<2>).6f""","=""2[2]*""","=""5/2""","="" 26.1020361""","=""0.0000017""","=""""","=""L15349"""
"=""3s2.3p4.(3P<2>).6f""","=""2[5]*""","=""11/2""","="" 26.102613""","=""0.000017""","=""""","=""L15349"""
"=""3s2.3p4.(3P<2>).6f""","=""2[5]*""","=""9/2""","="" 26.1030057""","=""0.0000009""","=""""","=""L15349"""
"=""3s2.3p4.(3P<2>).6f""","=""2[1]*""","=""3/2""","="" 26.109201""","=""0.000004""","=""""","=""L15349"""
"=""3s2.3p4.(3P<2>).6g""","=""2[5]""","=""11/2""","="" 26.11201792""","=""0.00000016""","=""""","=""L15349"""
"=""3s2.3p4.(3P<2>).6g""","=""2[5]""","=""9/2""","="" 26.11203395""","=""0.00000017""","=""""","=""L15349"""
"=""3s2.3p4.(3P<2>).6g""","=""2[4]""","=""9/2""","="" 26.1122349""","=""0.0000004""","=""""","=""L15349"""
"=""3s2.3p4.(3P<2>).6g""","=""2[4]""","=""7/2""","="" 26.11224084""","=""0.00000009""","=""""","=""L15349"""
"=""3s2.3p4.(3P<2>).6g""","=""2[3]""","=""5/2""","="" 26.11480622""","=""0.00000025""","=""""","=""L15349"""
"=""3s2.3p4.(3P<2>).6g""","=""2[3]""","=""7/2""","="" 26.1148142""","=""0.0000005""","=""""","=""L15349"""
"=""3s2.3p4.(3P<2>).6h""","=""2[5]*""","=""9/2""","="" 26.11562721""","=""0.00000012""","=""""","=""L15349"""
"=""3s2.3p4.(3P<2>).6h""","=""2[5]*""","=""11/2""","="" 26.11562754""","=""0.00000009""","=""""","=""L15349"""
"=""3s2.3p4.(3P<2>).6h""","=""2[6]*""","=""11/2""","="" 26.1156858""","=""0.0000011""","=""""","=""L15349"""
"=""3s2.3p4.(3P<2>).6h""","=""2[6]*""","=""13/2""","="" 26.11568686""","=""0.00000012""","=""""","=""L15349"""
"=""3s2.3p4.(3P<2>).6g""","=""2[6]""","=""13/2""","="" 26.11633493""","=""0.00000005""","=""""","=""L15349"""
"=""3s2.3p4.(3P<2>).6g""","=""2[6]""","=""11/2""","="" 26.11636970""","=""0.00000010""","=""""","=""L15349"""
"=""3s2.3p4.(3P<2>).6h""","=""2[4]*""","=""7/2""","="" 26.11689532""","=""0.00000014""","=""""","=""L15349"""
"=""3s2.3p4.(3P<2>).6h""","=""2[4]*""","=""9/2""","="" 26.11689637""","=""0.00000019""","=""""","=""L15349"""
"=""3s2.3p4.(3P<2>).6h""","=""2[7]*""","=""13/2""","="" 26.11799316""","=""0.00000005""","=""""","=""L15349"""
"=""3s2.3p4.(3P<2>).6h""","=""2[7]*""","=""15/2""","="" 26.11799488""","=""0.00000005""","=""""","=""L15349"""
"=""3s2.3p4.(3P<2>).6g""","=""2[2]""","=""3/2""","="" 26.1183379""","=""0.0000005""","=""""","=""L15349"""
"=""3s2.3p4.(3P<2>).6g""","=""2[2]""","=""5/2""","="" 26.11835425""","=""0.00000020""","=""""","=""L15349"""
"=""3s2.3p4.(3P<2>).6h""","=""2[3]*""","=""5/2""","="" 26.11883422""","=""0.00000025""","=""""","=""L15349"""
"=""3s2.3p4.(3P<2>).6h""","=""2[3]*""","=""7/2""","="" 26.11883580""","=""0.00000019""","=""""","=""L15349"""
"=""3s2.3p4.(3P<1>).6f""","=""2[2]*""","=""3/2""","="" 26.23162100""","=""0.00000015""","=""""","=""L15349"""
"=""3s2.3p4.(3P<1>).6f""","=""2[2]*""","=""5/2""","="" 26.23333896""","=""0.00000024""","=""""","=""L15349"""
"=""3s2.3p4.(3P<1>).6f""","=""2[4]*""","=""9/2""","="" 26.23425812""","=""0.00000005""","=""""","=""L15349"""
"=""3s2.3p4.(3P<1>).6f""","=""2[4]*""","=""7/2""","="" 26.23586749""","=""0.00000021""","=""""","=""L15349"""
"=""3s2.3p4.(3P<1>).6f""","=""2[3]*""","=""7/2""","="" 26.242751""","=""0.000006""","=""""","=""L15349"""
"=""3s2.3p4.(3P<1>).6f""","=""2[3]*""","=""5/2""","="" 26.2436324""","=""0.0000025""","=""""","=""L15349"""
"=""3s2.3p4.(3P<1>).6g""","=""2[3]""","=""5/2""","="" 26.25063624""","=""0.00000025""","=""""","=""L15349"""
"=""3s2.3p4.(3P<1>).6g""","=""2[3]""","=""7/2""","="" 26.25064940""","=""0.00000016""","=""""","=""L15349"""
"=""3s2.3p4.(3P<1>).6g""","=""2[5]""","=""11/2""","="" 26.25146700""","=""0.00000014""","=""""","=""L15349"""
"=""3s2.3p4.(3P<1>).6g""","=""2[5]""","=""9/2""","="" 26.25147586""","=""0.00000012""","=""""","=""L15349"""
"=""3s2.3p4.(3P<1>).6h""","=""2[4]*""","=""7/2""","="" 26.25389755""","=""0.00000015""","=""""","=""L15349"""
"=""3s2.3p4.(3P<1>).6h""","=""2[4]*""","=""9/2""","="" 26.25389891""","=""0.00000010""","=""""","=""L15349"""
"=""3s2.3p4.(3P<1>).6h""","=""2[6]*""","=""11/2""","="" 26.25427186""","=""0.00000009""","=""""","=""L15349"""
"=""3s2.3p4.(3P<1>).6h""","=""2[6]*""","=""13/2""","="" 26.25427383""","=""0.00000006""","=""""","=""L15349"""
"=""3s2.3p4.(3P<1>).6g""","=""2[4]""","=""9/2""","="" 26.25507599""","=""0.00000025""","=""""","=""L15349"""
"=""3s2.3p4.(3P<1>).6g""","=""2[4]""","=""7/2""","="" 26.25507612""","=""0.00000025""","=""""","=""L15349"""
"=""3s2.3p4.(3P<1>).6h""","=""2[5]*""","=""11/2""","="" 26.25625228""","=""0.00000009""","=""""","=""L15349"""
"=""3s2.3p4.(3P<1>).6h""","=""2[5]*""","=""9/2""","="" 26.25625371""","=""0.00000009""","=""""","=""L15349"""
"=""3s2.3p4.(3P<0>).6f""","=""2[3]*""","=""7/2""","="" 26.29349829""","=""0.00000014""","=""""","=""L15349"""
"=""3s2.3p4.(3P<0>).6f""","=""2[3]*""","=""5/2""","="" 26.29420710""","=""0.00000025""","=""""","=""L15349"""
"=""3s2.3p4.(3P).7d""","=""4D""","=""7/2""","="" 26.29574504""","=""0.00000025""","=""""","=""L15349"""
"=""3s2.3p4.(3P<0>).6g""","=""2[4]""","=""9/2""","="" 26.30919076""","=""0.00000019""","=""""","=""L15349"""
"=""3s2.3p4.(3P<0>).6g""","=""2[4]""","=""7/2""","="" 26.30921053""","=""0.00000025""","=""""","=""L15349"""
"=""3s2.3p4.(3P<0>).6h""","=""2[5]*""","=""11/2""","="" 26.31161594""","=""0.00000009""","=""""","=""L15349"""
"=""3s2.3p4.(3P<0>).6h""","=""2[5]*""","=""9/2""","="" 26.31161729""","=""0.00000006""","=""""","=""L15349"""
"=""3s2.3p4.(3P).7d""","=""4F""","=""9/2""","="" 26.3124708""","=""0.0000012""","=""""","=""L15349"""
"=""3s2.3p4.(3P).7d""","=""4F""","=""7/2""","="" 26.3270998""","=""0.0000004""","=""""","=""L15349"""
"=""3s2.3p4.(1D).6s""","=""2D""","=""3/2""","="" 26.40024800""","=""0.00000006""","=""""","=""L15349"""
"=""3s2.3p4.(1D).6s""","=""2D""","=""5/2""","="" 26.40040716""","=""0.00000005""","=""""","=""L15349"""
"=""3s2.3p4.(3P).7d""","=""2F""","=""7/2""","="" 26.44578799""","=""0.00000025""","=""""","=""L15349"""
"=""3s2.3p4.(3P<2>).7f""","=""2[4]*""","=""9/2""","="" 26.501521""","=""0.000006""","=""""","=""L15349"""
"=""3s2.3p4.(3P<2>).7f""","=""2[4]*""","=""7/2""","="" 26.502211""","=""0.000012""","=""""","=""L15349"""
"=""3s2.3p4.(3P<2>).7f""","=""2[5]*""","=""11/2""","="" 26.508766""","=""0.000006""","=""""","=""L15349"""
"=""3s2.3p4.(3P<2>).7f""","=""2[5]*""","=""9/2""","="" 26.508998""","=""0.000005""","=""""","=""L15349"""
"=""3s2.3p4.(3P<2>).7g""","=""2[5]""","=""11/2""","="" 26.5151818""","=""0.0000007""","=""""","=""L15349"""
"=""3s2.3p4.(3P<2>).7g""","=""2[5]""","=""9/2""","="" 26.5151883""","=""0.0000005""","=""""","=""L15349"""
"=""3s2.3p4.(3P<2>).7g""","=""2[4]""","=""9/2""","="" 26.5153217""","=""0.0000004""","=""""","=""L15349"""
"=""3s2.3p4.(3P<2>).7g""","=""2[4]""","=""7/2""","="" 26.5153368""","=""0.0000004""","=""""","=""L15349"""
"=""3s2.3p4.(3P<2>).7g""","=""2[3]""","=""7/2""","="" 26.5169564""","=""0.0000015""","=""""","=""L15349"""
"=""3s2.3p4.(3P<2>).7g""","=""2[3]""","=""5/2""","="" 26.5169717""","=""0.0000025""","=""""","=""L15349"""
"=""3s2.3p4.(3P<2>).7h""","=""2[5]*""","=""11/2""","="" 26.5175109""","=""0.0000005""","=""""","=""L15349"""
"=""3s2.3p4.(3P<2>).7h""","=""2[5]*""","=""9/2""","="" 26.51751682""","=""0.00000025""","=""""","=""L15349"""
"=""3s2.3p4.(3P<2>).7h""","=""2[6]*""","=""11/2""","="" 26.5175467""","=""0.0000007""","=""""","=""L15349"""
"=""3s2.3p4.(3P<2>).7h""","=""2[6]*""","=""13/2""","="" 26.5175481""","=""0.0000005""","=""""","=""L15349"""
"=""3s2.3p4.(3P<2>).7g""","=""2[6]""","=""13/2""","="" 26.5178909""","=""0.0000005""","=""""","=""L15349"""
"=""3s2.3p4.(3P<2>).7g""","=""2[6]""","=""11/2""","="" 26.5178912""","=""0.0000007""","=""""","=""L15349"""
"=""3s2.3p4.(3P<2>).7i""","=""2[6]""","=""11/2""","="" 26.5182801""","=""0.0000009""","=""""","=""L15349"""
"=""3s2.3p4.(3P<2>).7i""","=""2[6]""","=""13/2""","="" 26.5182804""","=""0.0000007""","=""""","=""L15349"""
"=""3s2.3p4.(3P<2>).7h""","=""2[4]*""","=""7/2""","="" 26.5183117""","=""0.0000011""","=""""","=""L15349"""
"=""3s2.3p4.(3P<2>).7h""","=""2[4]*""","=""9/2""","="" 26.5183133""","=""0.0000011""","=""""","=""L15349"""
"=""3s2.3p4.(3P<2>).7i""","=""2[7]""","=""13/2""","="" 26.5183401""","=""0.0000010""","=""""","=""L15349"""
"=""3s2.3p4.(3P<2>).7i""","=""2[7]""","=""15/2""","="" 26.51834082""","=""0.00000012""","=""""","=""L15349"""
"=""3s2.3p4.(3P<2>).7i""","=""2[5]""","=""9/2""","="" 26.51872797""","=""0.00000017""","=""""","=""L15349"""
"=""3s2.3p4.(3P<2>).7i""","=""2[5]""","=""11/2""","="" 26.51872896""","=""0.00000019""","=""""","=""L15349"""
"=""3s2.3p4.(3P<2>).7h""","=""2[7]*""","=""15/2""","="" 26.5189885""","=""0.0000012""","=""""","=""L15349"""
"=""3s2.3p4.(3P<2>).7h""","=""2[7]*""","=""13/2""","="" 26.5189885""","=""0.0000004""","=""""","=""L15349"""
"=""3s2.3p4.(3P<2>).7g""","=""2[2]""","=""3/2""","="" 26.519141""","=""0.000004""","=""""","=""L15349"""
"=""3s2.3p4.(3P<2>).7g""","=""2[2]""","=""5/2""","="" 26.5191667""","=""0.0000004""","=""""","=""L15349"""
"=""3s2.3p4.(3P<2>).7i""","=""2[8]""","=""15/2""","="" 26.51920453""","=""0.00000010""","=""""","=""L15349"""
"=""3s2.3p4.(3P<2>).7i""","=""2[8]""","=""17/2""","="" 26.51920626""","=""0.00000009""","=""""","=""L15349"""
"=""3s2.3p4.(3P<2>).7i""","=""2[4]""","=""7/2""","="" 26.5194637""","=""0.0000005""","=""""","=""L15349"""
"=""3s2.3p4.(3P<2>).7i""","=""2[4]""","=""9/2""","="" 26.5194655""","=""0.0000005""","=""""","=""L15349"""
"=""3s2.3p4.(3P<2>).7h""","=""2[3]*""","=""5/2""","="" 26.5195298""","=""0.0000019""","=""""","=""L15349"""
"=""3s2.3p4.(3P<2>).7h""","=""2[3]*""","=""7/2""","="" 26.5195298""","=""0.0000015""","=""""","=""L15349"""
"=""3s2.3p4.(1D).5d""","=""2G""","=""7/2""","="" 26.55553718""","=""0.00000007""","=""""","=""L15349"""
"=""3s2.3p4.(1D).5d""","=""2G""","=""9/2""","="" 26.55611128""","=""0.00000004""","=""""","=""L15349"""
"=""3s2.3p4.(1D).5d""","=""2D""","=""5/2""","="" 26.6153804""","=""0.0000025""","=""""","=""L15349"""
"=""3s2.3p4.(3P).8d""","=""4D""","=""7/2""","="" 26.633348""","=""0.000004""","=""""","=""L15349"""
"=""3s2.3p4.(1D).5d""","=""2F""","=""7/2""","="" 26.63580586""","=""0.00000019""","=""""","=""L15349"""
"=""3s2.3p4.(1D).5d""","=""2F""","=""5/2""","="" 26.64561340""","=""0.00000014""","=""""","=""L15349"""
"=""3s2.3p4.(3P<1>).7f""","=""2[4]*""","=""9/2""","="" 26.642424""","=""0.000006""","=""""","=""L15349"""
"=""3s2.3p4.(3P<1>).7f""","=""2[4]*""","=""7/2""","="" 26.643649""","=""0.000011""","=""""","=""L15349"""
"=""3s2.3p4.(3P).8d""","=""4F""","=""9/2""","="" 26.643572""","=""0.000005""","=""""","=""L15349"""
"=""3s2.3p4.(3P<1>).7g""","=""2[3]""","=""5/2""","="" 26.6534543""","=""0.0000006""","=""""","=""L15349"""
"=""3s2.3p4.(3P<1>).7g""","=""2[3]""","=""7/2""","="" 26.6534598""","=""0.0000007""","=""""","=""L15349"""
"=""3s2.3p4.(3P<1>).7g""","=""2[5]""","=""11/2""","="" 26.6539917""","=""0.0000006""","=""""","=""L15349"""
"=""3s2.3p4.(3P<1>).7g""","=""2[5]""","=""9/2""","="" 26.6540015""","=""0.0000004""","=""""","=""L15349"""
"=""3s2.3p4.(3P<1>).7h""","=""2[4]*""","=""9/2""","="" 26.6556191""","=""0.0000006""","=""""","=""L15349"""
"=""3s2.3p4.(3P<1>).7h""","=""2[4]*""","=""7/2""","="" 26.6556191""","=""0.0000009""","=""""","=""L15349"""
"=""3s2.3p4.(3P<1>).7h""","=""2[6]*""","=""11/2""","="" 26.6558589""","=""0.0000005""","=""""","=""L15349"""
"=""3s2.3p4.(3P<1>).7h""","=""2[6]*""","=""13/2""","="" 26.6558601""","=""0.0000004""","=""""","=""L15349"""
"=""3s2.3p4.(3P<1>).7g""","=""2[4]""","=""7/2""","="" 26.656228""","=""0.000005""","=""""","=""L15349"""
"=""3s2.3p4.(3P<1>).7g""","=""2[4]""","=""9/2""","="" 26.6563036""","=""0.0000005""","=""""","=""L15349"""
"=""3s2.3p4.(3P<1>).7i""","=""2[5]""","=""9/2""","="" 26.65633161""","=""0.00000016""","=""""","=""L15349"""
"=""3s2.3p4.(3P<1>).7i""","=""2[5]""","=""11/2""","="" 26.65633296""","=""0.00000012""","=""""","=""L15349"""
"=""3s2.3p4.(3P<1>).7i""","=""2[7]""","=""13/2""","="" 26.65645372""","=""0.00000010""","=""""","=""L15349"""
"=""3s2.3p4.(3P<1>).7i""","=""2[7]""","=""15/2""","="" 26.65645569""","=""0.00000009""","=""""","=""L15349"""
"=""3s2.3p4.(3P<1>).7h""","=""2[5]*""","=""11/2""","="" 26.6571108""","=""0.0000010""","=""""","=""L15349"""
"=""3s2.3p4.(3P<1>).7h""","=""2[5]*""","=""9/2""","="" 26.6571109""","=""0.0000010""","=""""","=""L15349"""
"=""3s2.3p4.(3P<1>).7i""","=""2[6]""","=""13/2""","="" 26.65721730""","=""0.00000012""","=""""","=""L15349"""
"=""3s2.3p4.(3P<1>).7i""","=""2[6]""","=""11/2""","="" 26.65721872""","=""0.00000012""","=""""","=""L15349"""
"=""3s2.3p4.(1S).5s""","=""2S""","=""1/2""","="" 26.66475730""","=""0.00000024""","=""""","=""L15349"""
"=""3s2.3p4.(3P<0>).7g""","=""2[4]""","=""7/2""","="" 26.7113733""","=""0.0000010""","=""""","=""L15349"""
"=""3s2.3p4.(3P<0>).7g""","=""2[4]""","=""9/2""","="" 26.7114156""","=""0.0000009""","=""""","=""L15349"""
"=""3s2.3p4.(3P<0>).7h""","=""2[5]*""","=""9/2""","="" 26.7129920""","=""0.0000007""","=""""","=""L15349"""
"=""3s2.3p4.(3P<0>).7h""","=""2[5]*""","=""11/2""","="" 26.7129933""","=""0.0000006""","=""""","=""L15349"""
"=""3s2.3p4.(3P<0>).7i""","=""2[6]""","=""11/2""","="" 26.71346441""","=""0.00000011""","=""""","=""L15349"""
"=""3s2.3p4.(3P<0>).7i""","=""2[6]""","=""13/2""","="" 26.7134644""","=""0.0000012""","=""""","=""L15349"""
"=""3s2.3p4.(3P<2>).8f""","=""2[4]*""","=""9/2""","="" 26.767405""","=""0.000007""","=""""","=""L15349"""
"=""3s2.3p4.(3P<2>).8f""","=""2[5]*""","=""11/2""","="" 26.772202""","=""0.000007""","=""""","=""L15349"""
"=""3s2.3p4.(3P<2>).8f""","=""2[5]*""","=""9/2""","="" 26.772359""","=""0.000005""","=""""","=""L15349"""
"=""3s2.3p4.(3P<2>).8g""","=""2[6]""","=""11/2""","="" 26.778505""","=""0.000011""","=""""","=""L15349"""
"=""3s2.3p4.(3P<2>).8g""","=""2[6]""","=""13/2""","="" 26.778524""","=""0.000011""","=""""","=""L15349"""
"=""3s2.3p4.(3P<2>).8i""","=""2[6]""","=""13/2""","="" 26.7787432""","=""0.0000025""","=""""","=""L15349"""
"=""3s2.3p4.(3P<2>).8i""","=""2[6]""","=""11/2""","="" 26.7787494""","=""0.0000025""","=""""","=""L15349"""
"=""3s2.3p4.(3P<2>).8i""","=""2[7]""","=""13/2""","="" 26.7787809""","=""0.0000007""","=""""","=""L15349"""
"=""3s2.3p4.(3P<2>).8i""","=""2[7]""","=""15/2""","="" 26.7787823""","=""0.0000005""","=""""","=""L15349"""
"=""3s2.3p4.(3P<2>).8i""","=""2[5]""","=""9/2""","="" 26.7790114""","=""0.0000012""","=""""","=""L15349"""
"=""3s2.3p4.(3P<2>).8i""","=""2[5]""","=""11/2""","="" 26.7790130""","=""0.0000014""","=""""","=""L15349"""
"=""3s2.3p4.(3P<2>).8k""","=""2[7]*""","=""13/2""","="" 26.7790641""","=""0.0000014""","=""""","=""L15349"""
"=""3s2.3p4.(3P<2>).8k""","=""2[7]*""","=""15/2""","="" 26.7790645""","=""0.0000014""","=""""","=""L15349"""
"=""3s2.3p4.(3P<2>).8k""","=""2[8]*""","=""15/2""","="" 26.7790993""","=""0.0000011""","=""""","=""L15349"""
"=""3s2.3p4.(3P<2>).8k""","=""2[8]*""","=""17/2""","="" 26.7791000""","=""0.0000004""","=""""","=""L15349"""
"=""3s2.3p4.(3P<2>).8i""","=""2[8]""","=""15/2""","="" 26.7792085""","=""0.0000007""","=""""","=""L15349"""
"=""3s2.3p4.(3P<2>).8i""","=""2[8]""","=""17/2""","="" 26.7792089""","=""0.0000006""","=""""","=""L15349"""
"=""3s2.3p4.(3P<2>).8k""","=""2[6]*""","=""11/2""","="" 26.7792435""","=""0.0000011""","=""""","=""L15349"""
"=""3s2.3p4.(3P<2>).8k""","=""2[6]*""","=""13/2""","="" 26.7792445""","=""0.0000011""","=""""","=""L15349"""
"=""3s2.3p4.(3P<2>).8i""","=""2[4]""","=""9/2""","="" 26.7794127""","=""0.0000015""","=""""","=""L15349"""
"=""3s2.3p4.(3P<2>).8i""","=""2[4]""","=""7/2""","="" 26.7794127""","=""0.0000019""","=""""","=""L15349"""
"=""3s2.3p4.(3P<2>).8k""","=""2[9]*""","=""17/2""","="" 26.7794755""","=""0.0000011""","=""""","=""L15349"""
"=""3s2.3p4.(3P<2>).8k""","=""2[9]*""","=""19/2""","="" 26.7794772""","=""0.0000011""","=""""","=""L15349"""
"=""3s2.3p4.(3P<2>).8k""","=""2[5]*""","=""9/2""","="" 26.7795606""","=""0.0000009""","=""""","=""L15349"""
"=""3s2.3p4.(3P<2>).8k""","=""2[5]*""","=""11/2""","="" 26.7795623""","=""0.0000007""","=""""","=""L15349"""
"=""3s2.3p4.(1D).5d""","=""2S""","=""1/2""","="" 26.889960""","=""0.000010""","=""""","=""L15349"""
"=""3s2.3p4.(3P<1>).8i""","=""2[7]""","=""13/2""","="" 26.9166429""","=""0.0000012""","=""""","=""L15349"""
"=""3s2.3p4.(3P<1>).8i""","=""2[7]""","=""15/2""","="" 26.9166441""","=""0.0000012""","=""""","=""L15349"""
"=""3s2.3p4.(3P<1>).8i""","=""2[5]""","=""9/2""","="" 26.9166673""","=""0.0000014""","=""""","=""L15349"""
"=""3s2.3p4.(3P<1>).8i""","=""2[5]""","=""11/2""","="" 26.9166673""","=""0.0000012""","=""""","=""L15349"""
"=""3s2.3p4.(3P<1>).8k""","=""2[6]*""","=""11/2""","="" 26.9170312""","=""0.0000004""","=""""","=""L15349"""
"=""3s2.3p4.(3P<1>).8k""","=""2[6]*""","=""13/2""","="" 26.9170326""","=""0.0000004""","=""""","=""L15349"""
"=""3s2.3p4.(3P<1>).8k""","=""2[8]*""","=""15/2""","="" 26.9170782""","=""0.0000004""","=""""","=""L15349"""
"=""3s2.3p4.(3P<1>).8k""","=""2[8]*""","=""17/2""","="" 26.9170802""","=""0.0000004""","=""""","=""L15349"""
"=""3s2.3p4.(3P<1>).8i""","=""2[6]""","=""13/2""","="" 26.9172077""","=""0.0000011""","=""""","=""L15349"""
"=""3s2.3p4.(3P<1>).8i""","=""2[6]""","=""11/2""","="" 26.9172077""","=""0.0000011""","=""""","=""L15349"""
"=""3s2.3p4.(3P<1>).8k""","=""2[7]*""","=""15/2""","="" 26.9174374""","=""0.0000006""","=""""","=""L15349"""
"=""3s2.3p4.(3P<1>).8k""","=""2[7]*""","=""13/2""","="" 26.9174388""","=""0.0000006""","=""""","=""L15349"""
"=""3s2.3p4.(3P<0>).8i""","=""2[6]""","=""11/2""","="" 26.9736918""","=""0.0000010""","=""""","=""L15349"""
"=""3s2.3p4.(3P<0>).8i""","=""2[6]""","=""13/2""","="" 26.9736929""","=""0.0000009""","=""""","=""L15349"""
"=""3s2.3p4.(3P<0>).8k""","=""2[7]*""","=""15/2""","="" 26.9739785""","=""0.0000011""","=""""","=""L15349"""
"=""3s2.3p4.(3P<0>).8k""","=""2[7]*""","=""13/2""","="" 26.9739799""","=""0.0000011""","=""""","=""L15349"""
"=""3s2.3p4.(1D<2>).5f""","=""2[5]*""","=""9/2""","="" 27.14521116""","=""0.00000009""","=""""","=""L15349"""
"=""3s2.3p4.(1D<2>).5f""","=""2[5]*""","=""11/2""","="" 27.145213""","=""0.000016""","=""""","=""L15349"""
"=""3s2.3p4.(1D<2>).5f""","=""2[2]*""","=""5/2""","="" 27.152775""","=""0.000014""","=""""","=""L15349"""
"=""3s2.3p4.(1D<2>).5f""","=""2[2]*""","=""3/2""","="" 27.153006""","=""0.000004""","=""""","=""L15349"""
"=""3s2.3p4.(1D<2>).5g""","=""2[2]""","=""5/2""","="" 27.1714508""","=""0.0000025""","=""""","=""L15349"""
"=""3s2.3p4.(1D<2>).5f""","=""2[3]*""","=""7/2""","="" 27.172460""","=""0.000004""","=""""","=""L15349"""
"=""3s2.3p4.(1D<2>).5g""","=""2[6]""","=""13/2""","="" 27.1777815""","=""0.0000014""","=""""","=""L15349"""
"=""3s2.3p4.(1D<2>).5g""","=""2[6]""","=""11/2""","="" 27.1777820""","=""0.0000014""","=""""","=""L15349"""
"=""3s2.3p4.(1D<2>).5g""","=""2[3]""","=""7/2""","="" 27.1831194""","=""0.0000005""","=""""","=""L15349"""
"=""3s2.3p4.(1D<2>).5g""","=""2[3]""","=""5/2""","="" 27.1831375""","=""0.0000025""","=""""","=""L15349"""
"=""3s2.3p4.(1D<2>).5g""","=""2[4]""","=""7/2""","="" 27.19190872""","=""0.00000021""","=""""","=""L15349"""
"=""3s2.3p4.(1D<2>).5g""","=""2[4]""","=""9/2""","="" 27.19191042""","=""0.00000022""","=""""","=""L15349"""
"=""3s2.3p4.(1D<2>).5g""","=""2[5]""","=""9/2""","="" 27.19247975""","=""0.00000017""","=""""","=""L15349"""
"=""3s2.3p4.(1D<2>).5g""","=""2[5]""","=""11/2""","="" 27.1924834""","=""0.0000004""","=""""","=""L15349"""
"=""Ar III (3p4 3P<2>)""","=""Limit""","=""---""","="" 27.62967""","=""0.00012""","=""""","=""L8844"""
"=""3s2.3p4.(1D<2>).6g""","=""2[6]""","=""13/2""","="" 27.8476503""","=""0.0000025""","=""""","=""L15349"""
"=""3s2.3p4.(1D<2>).6g""","=""2[6]""","=""11/2""","="" 27.8476507""","=""0.0000025""","=""""","=""L15349"""
